1.2440599203109741	0.7079054713249207	-0.463081419467926	1.2356822490692139	1.1138159036636353	-0.5287050604820251	1.5051463842391968	0.1599048227071762	1.2757874727249146	1.2766491174697876	-0.03497614711523056	0.28570303320884705	0.2191411852836609	1.602952241897583	0.3734532594680786	-0.508055567741394
-0.46362775564193726	-0.43742573261260986	0.23924151062965393	-0.5515012741088867	-0.5436375737190247	0.4162982404232025	0.10206626355648041	-0.13975657522678375	-0.3739456236362457	-0.3716323673725128	-0.5555446147918701	0.5346839427947998	-0.6616083979606628	0.435979425907135	0.061577681452035904	0.6202536821365356
-0.891991376876831	-0.27803951501846313	0.8075034618377686	-0.09163544327020645	0.47874966263771057	-0.34129101037979126	0.0037024803459644318	-0.4416131377220154	0.05387146770954132	0.07609567046165466	0.41495421528816223	0.38010093569755554	-0.9783347249031067	0.2628060579299927	0.4536881148815155	0.12058201432228088
0.4865366816520691	0.16435593366622925	0.5720168948173523	0.0738462582230568	-0.4726243019104004	0.17811378836631775	-0.055629875510931015	0.41109952330589294	-1.2342326641082764	-0.2440367192029953	-0.9270333051681519	0.17996221780776978	1.0595321655273438	0.9082344770431519	0.2425745278596878	-0.8095739483833313
-0.8180127143859863	-0.2724570035934448	0.3538304269313812	-0.16997770965099335	-0.3789477050304413	0.3293740451335907	-0.1900150030851364	-0.5713421106338501	0.7264617085456848	-0.5570701360702515	0.704552173614502	0.7533045411109924	-0.5126048922538757	-0.16458700597286224	-0.4630715250968933	1.2701934576034546
-0.022550880908966064	-0.24903345108032227	0.77438884973526	-0.08431626111268997	0.33325573801994324	0.31643956899642944	0.3527175486087799	-0.3047456443309784	-0.017354890704154968	-0.14182379841804504	-0.14246875047683716	0.23928219079971313	-1.0533568859100342	0.4410569667816162	-0.28338128328323364	0.09760954976081848
-0.15188437700271606	-0.4393671751022339	0.42761358618736267	0.07027936726808548	0.05908422917127609	-0.16775503754615784	0.027231115847826004	-0.3023664355278015	-0.1533065140247345	-0.6343590617179871	0.016499221324920654	0.42350858449935913	-1.5207672119140625	0.19422103464603424	0.40390560030937195	-0.2442934513092041
1.3956631422042847	0.536227285861969	2.24833345413208	0.12662449479103088	0.11156345158815384	-0.1961139440536499	0.7191603183746338	0.3418625295162201	2.1584601402282715	-1.0213332176208496	-0.1622278392314911	0.33477333188056946	-0.58214271068573	-1.8198071718215942	0.1887207329273224	-2.091869831085205
-0.16027076542377472	-0.2839939594268799	3.8652613162994385	0.8481072187423706	1.3271827697753906	-0.9170997142791748	1.343866229057312	0.7086613178253174	0.6813743710517883	-1.8996849060058594	-0.745015025138855	0.5336408019065857	0.976128876209259	-1.3343952894210815	-1.0669456720352173	0.869983434677124
-0.47870373725891113	-0.09420834481716156	-0.17252743244171143	-0.032536983489990234	-0.5574555993080139	0.28216931223869324	0.36275091767311096	0.048850059509277344	-0.5929144024848938	0.2327233850955963	-0.500969648361206	0.04660980403423309	0.303583025932312	0.7097923755645752	0.3721981942653656	1.324709177017212
-0.7746690511703491	-0.09028936177492142	-0.5086527466773987	-1.3242886066436768	-0.11736830323934555	0.5740232467651367	-0.7948383092880249	-0.22171412408351898	-0.7819191217422485	0.5627690553665161	0.5255941152572632	0.5821713209152222	0.2376643419265747	1.3451496362686157	-0.2468230277299881	0.3578193783760071
1.220298171043396	0.3050188720226288	1.896533489227295	-0.5559748411178589	-0.29854312539100647	0.635646402835846	0.4101441204547882	0.4877910614013672	-1.0237479209899902	-0.4459046423435211	-0.2969481647014618	0.16587185859680176	0.6064562201499939	-1.033047080039978	-0.30789321660995483	-2.4452836513519287
0.19999955594539642	0.26122674345970154	0.45771732926368713	0.09149334579706192	-0.5757511854171753	-0.018052972853183746	0.1356024146080017	0.14586977660655975	0.6229342818260193	-0.30756697058677673	-0.5103654861450195	0.31358402967453003	0.13669151067733765	0.5698155164718628	0.10520316660404205	-0.17943596839904785
-0.2819576859474182	0.07394128292798996	0.7322390675544739	0.1090867891907692	-0.6579673290252686	-0.1419147551059723	0.3219032287597656	0.3196496069431305	-0.20043575763702393	-0.2343667596578598	-0.7615793943405151	0.3989746868610382	0.305675208568573	0.24426914751529694	0.12589028477668762	-0.20204943418502808
-0.27054363489151	-0.15653985738754272	2.1893630027770996	0.8614435791969299	0.9268811345100403	-0.2465137541294098	0.4923423230648041	-0.5584008097648621	0.5406280755996704	-0.9187347888946533	0.39931222796440125	0.8766540884971619	-0.8802132606506348	-0.4515339136123657	-0.4819379448890686	1.3962706327438354
2.5028321743011475	0.2720057964324951	-0.8962011933326721	-0.2157360315322876	-1.6274785995483398	1.6518466472625732	-0.2393445074558258	1.1342159509658813	-0.9423010349273682	1.2361023426055908	-2.7362611293792725	-1.1435431241989136	-0.27916979789733887	1.3730837106704712	1.0504813194274902	1.1162083148956299
-0.12265181541442871	-0.28503164649009705	-0.9010439515113831	-0.0960603877902031	-0.3214471936225891	-0.3746227025985718	-0.5684542655944824	0.029976600781083107	-0.40507447719573975	0.4132325351238251	-0.22991377115249634	0.28268787264823914	-1.7880098819732666	1.2550792694091797	1.7911341190338135	-0.42934322357177734
-0.8164732456207275	0.7239834666252136	1.8150465488433838	-0.37564197182655334	-0.2700578272342682	-0.7134347558021545	1.5438035726547241	0.15914961695671082	-0.8608070015907288	2.4451675415039062	-0.8475390672683716	-0.7320632934570312	0.4749072790145874	-1.0393414497375488	0.06160477176308632	1.4827977418899536
0.7459506392478943	0.1484474539756775	0.0817977786064148	-0.39292964339256287	-0.8653256297111511	0.4347307085990906	-0.020505215972661972	0.04445581138134003	1.4451409578323364	0.3541271984577179	0.07433883845806122	0.5050203204154968	-0.17902898788452148	0.03984446823596954	0.19202852249145508	-0.40855157375335693
-0.4732701778411865	-0.1233740821480751	0.7030554413795471	0.37223756313323975	-0.11495830118656158	-0.30590271949768066	0.07713718712329865	-0.4569791257381439	0.039770543575286865	-0.8504772186279297	0.15621653199195862	0.4769682288169861	-2.1122610569000244	-0.3959401845932007	0.27034422755241394	0.3660741448402405
-1.1565804481506348	0.2269846796989441	-0.09792736172676086	0.027408931404352188	-0.5133593678474426	-0.0019067265093326569	0.40065497159957886	-0.1739998310804367	0.6547046303749084	0.3480266034603119	0.23544147610664368	0.7148042321205139	-0.03168058395385742	0.07111074030399323	-0.21529988944530487	1.7059766054153442
0.2716822028160095	0.18555611371994019	1.332350492477417	-0.38380637764930725	0.019409574568271637	0.4300364851951599	-0.270021915435791	-0.39317670464515686	-0.41854292154312134	0.3582982122898102	0.8112776279449463	0.20890840888023376	0.3998907804489136	0.1860772967338562	-0.11690163612365723	0.12117254734039307
-0.07193998992443085	0.07785709947347641	0.6734210252761841	0.3798926770687103	-0.1356666088104248	-0.1407282054424286	0.5245748162269592	0.08076309412717819	-0.09716017544269562	-0.16860610246658325	-0.6776005029678345	0.5758503675460815	0.06127744913101196	0.7152301669120789	-0.19028295576572418	0.36625850200653076
0.2390260249376297	-0.14411205053329468	1.1381421089172363	0.37155047059059143	-0.1852736473083496	0.0670115277171135	-0.01659202203154564	-0.5215386152267456	-0.2963302433490753	-0.981521725654602	-0.17112411558628082	0.2662762403488159	-2.592658042907715	-0.16324962675571442	0.1752886325120926	0.03109883889555931
0.08391806483268738	-0.06768175214529037	-0.05324743688106537	0.07921681553125381	0.4211560785770416	0.22754168510437012	0.5463167428970337	0.09674869477748871	-0.19202211499214172	0.3368959128856659	-0.1098962053656578	0.014607692137360573	-0.12291544675827026	0.5214309692382812	-0.20452474057674408	0.1318885087966919
-0.05859139561653137	0.5541434288024902	0.7419637441635132	0.011535962112247944	-1.132550597190857	0.15706367790699005	0.17419980466365814	0.22890116274356842	-0.9664784073829651	1.462740421295166	-0.9689440727233887	-0.37451592087745667	-0.3469349145889282	-0.8237164616584778	1.4295413494110107	2.0405430793762207
0.09823240339756012	-0.1980896294116974	0.47727838158607483	-0.12210258096456528	-0.053087182343006134	0.41607388854026794	0.1488693654537201	-0.0546017587184906	-0.55950927734375	0.043451666831970215	-0.38616612553596497	0.08087722212076187	-1.157350778579712	0.2799230217933655	0.3131908178329468	0.2932698428630829
2.1409103870391846	-1.2087268829345703	-2.083320140838623	-0.44496017694473267	-1.8508129119873047	3.577479362487793	-0.5066283941268921	-0.6303054690361023	0.5969767570495605	1.0448321104049683	1.0431554317474365	0.8658966422080994	-0.5847607851028442	0.6721436977386475	-0.19887277483940125	4.450064659118652
0.22982771694660187	-0.1919403076171875	0.31139957904815674	0.4438242018222809	-0.1369786262512207	-0.07204335182905197	0.38042715191841125	-0.189817875623703	0.40769028663635254	-0.3903983533382416	-0.7313554286956787	0.28385841846466064	-1.5199308395385742	0.6043063402175903	0.443847119808197	0.09848184883594513
0.8395022749900818	-0.046979911625385284	1.644831895828247	-0.4971347153186798	-0.6991968750953674	0.6859666705131531	-0.4683651030063629	-0.33152246475219727	0.137442484498024	-0.1464594304561615	-1.071585774421692	0.1821443885564804	-1.2408219575881958	1.1179620027542114	0.5805553793907166	0.2742602229118347
1.2360217571258545	1.0464714765548706	4.911235809326172	0.3563503921031952	-0.8684683442115784	-1.741916298866272	-1.234568476676941	0.278300404548645	-0.149227574467659	5.55439567565918	-0.24198868870735168	-1.8691697120666504	-2.7835276126861572	-4.535490989685059	5.431909561157227	1.0031222105026245
-1.5799264907836914	-1.5394728183746338	-3.3214304447174072	-4.700490951538086	-3.2355828285217285	2.5663564205169678	-2.6087241172790527	-0.02362598292529583	-1.2158968448638916	2.369033098220825	1.869154453277588	-1.0370399951934814	-2.7041971683502197	-2.188584327697754	1.2032535076141357	1.5419362783432007
-0.23709730803966522	0.1374989151954651	1.6710638999938965	-0.6252832412719727	-0.8377842903137207	0.4684394598007202	-0.1826677918434143	0.10027797520160675	-1.7201789617538452	0.4773593246936798	-1.0262649059295654	-0.16643375158309937	-1.1891303062438965	-0.4258710741996765	0.7940440773963928	0.8661080598831177
-0.6260682344436646	-0.04277845472097397	-0.2738960087299347	0.41709408164024353	0.8093618750572205	-0.0652054026722908	-0.21850040555000305	-0.028883641585707664	-0.35047775506973267	0.04262223839759827	-0.730799674987793	0.40158993005752563	-1.4178738594055176	1.8638581037521362	0.352411150932312	0.5854576826095581
-0.16414541006088257	-0.14942041039466858	0.8557114601135254	-0.2633436322212219	0.055284298956394196	0.4232012629508972	0.21750733256340027	-0.14343953132629395	-0.20784787833690643	-0.06444986164569855	-0.09272687137126923	0.07889537513256073	-0.2822308838367462	0.10740935057401657	-0.1937548965215683	0.23931127786636353
-1.1137460470199585	0.21955406665802002	-0.20958800613880157	0.09164420515298843	0.05690290778875351	-0.32465511560440063	-0.06148542836308479	-0.13106198608875275	0.13108684122562408	0.8212261199951172	-0.15962570905685425	0.7878647446632385	0.2625676393508911	1.7163870334625244	0.36778444051742554	1.7523505687713623
-0.24797120690345764	-0.4603385925292969	0.8220372200012207	-1.0173840522766113	-1.6568301916122437	0.6497861742973328	-0.6264752149581909	-0.26025792956352234	-0.17331087589263916	-0.4743058979511261	-0.299630731344223	0.09146108478307724	-0.9966863989830017	-0.6274611949920654	0.7216131091117859	0.13977962732315063
0.5738941431045532	-0.5474258661270142	0.2013152837753296	-0.2655496299266815	-0.9686784744262695	0.6657567024230957	-0.013241644948720932	-0.43933573365211487	0.7470318675041199	-1.0601391792297363	-0.5814930200576782	0.26342883706092834	-2.4638988971710205	0.25522640347480774	-0.09459875524044037	0.17742609977722168
0.41231054067611694	-0.17773732542991638	1.5135297775268555	-0.1970023810863495	0.7754244804382324	0.06946361809968948	0.2361660897731781	-0.2694966495037079	-0.8517830967903137	0.17423120141029358	0.16863670945167542	0.12127029150724411	-0.5755575895309448	-0.05187143385410309	0.22799058258533478	-0.6838204860687256
0.152043417096138	-0.2326345145702362	0.30502262711524963	0.5901494026184082	0.03768184036016464	-0.13137829303741455	0.14009040594100952	-0.2861776053905487	0.4408079981803894	-0.40202027559280396	-0.2873747646808624	0.47029438614845276	-1.57025146484375	0.552405059337616	0.5863764882087708	0.24383386969566345
-0.6683136820793152	0.07520308345556259	0.569599986076355	-0.3238043189048767	-0.6236336827278137	-0.015332616865634918	0.09002101421356201	0.14646419882774353	-0.025407865643501282	-0.02933749556541443	-0.7757236957550049	0.5690232515335083	0.10872697830200195	0.8347389698028564	-0.0822870284318924	0.2794176936149597
-0.41595661640167236	-0.39416518807411194	0.5211671590805054	-0.23298591375350952	0.23461806774139404	0.2379315197467804	-0.017991166561841965	-0.36160531640052795	0.2813396453857422	-0.09747191518545151	0.11964413523674011	0.36072665452957153	-0.8683699369430542	0.5260143876075745	0.05783730372786522	0.2741895318031311
1.0296050310134888	1.2036527395248413	-1.604471206665039	1.5051578283309937	1.3502029180526733	-0.31525754928588867	2.2605085372924805	-0.029795540496706963	1.7823760509490967	2.1926236152648926	0.9623070955276489	-0.20940539240837097	0.5747780203819275	1.6856210231781006	-0.2839636206626892	-1.087670922279358
-2.122791290283203	0.6145097613334656	-1.5572340488433838	-2.0734801292419434	-0.9891365170478821	-0.3649100959300995	-0.1782350242137909	0.4028532803058624	-0.7149500250816345	3.4320428371429443	-0.6749551296234131	-0.7393869161605835	1.0910041332244873	2.137770414352417	2.144007682800293	0.2780954837799072
0.09685975313186646	0.08785597234964371	0.9400210976600647	-0.45102959871292114	-0.5449572205543518	-0.015108160674571991	0.16955241560935974	-0.06729395687580109	-0.08886311948299408	0.9036202430725098	-0.5239745378494263	-0.11926574259996414	-0.5874910354614258	-0.07252569496631622	0.5808241963386536	-0.14339780807495117
0.13633163273334503	-0.31841978430747986	0.14336761832237244	0.22207531332969666	0.08678292483091354	-0.16751506924629211	-0.23522275686264038	-0.16641797125339508	-0.6920146942138672	-0.33338022232055664	-0.09095925092697144	0.5494161248207092	-1.2479379177093506	0.8251011371612549	0.9720706939697266	-0.3150390088558197
-1.5182400941848755	0.039929233491420746	1.078965187072754	-0.0915643498301506	-0.07895176857709885	-0.41984686255455017	-0.36415842175483704	-0.050970107316970825	-0.38725942373275757	-0.00032779574394226074	0.2774021625518799	0.5168972611427307	-0.2311515063047409	-0.38346004486083984	0.6120550036430359	0.3998579978942871
-0.22886431217193604	-0.1628856658935547	-0.572259783744812	-0.16141639649868011	-0.42395514249801636	0.20580774545669556	0.09713709354400635	0.06647737324237823	-0.4958546757698059	0.37088820338249207	-0.2910853326320648	0.30297788977622986	-0.5243784189224243	0.5441290736198425	0.6052899360656738	0.7145228385925293
-1.0867871046066284	0.6473763585090637	0.6019660830497742	-2.69757342338562	-2.5936789512634277	1.093279480934143	-0.7076560258865356	0.17367036640644073	1.6013426780700684	0.8164070844650269	0.21523705124855042	-0.93465656042099	1.3530220985412598	-0.7016494274139404	-0.6476323008537292	-1.8924787044525146
-0.14037305116653442	0.016426391899585724	0.898395836353302	-0.34531140327453613	-0.6630995869636536	0.336260050535202	-0.1648571789264679	0.012756386771798134	-0.8795808553695679	0.25043705105781555	-0.7617367506027222	0.2520001530647278	-0.5679264664649963	0.2933419346809387	0.8720281720161438	0.3138743042945862
-0.48366987705230713	0.25125962495803833	0.9597826600074768	-0.47501084208488464	0.06588976830244064	-0.1139800027012825	0.6308152079582214	-0.0547725111246109	-0.5796169638633728	0.46605804562568665	-0.17162644863128662	0.28329822421073914	-0.43285998702049255	-0.30921119451522827	-0.6697520017623901	-0.26944470405578613
0.04339604079723358	-0.2570018172264099	0.1409437656402588	0.14135882258415222	0.24545493721961975	0.2016305923461914	0.23892870545387268	-0.08275005221366882	0.19497327506542206	0.08617530763149261	-0.08442486822605133	0.24679017066955566	-0.5067493319511414	0.4608798027038574	0.2729513943195343	0.21647286415100098
-1.1579855680465698	0.07944833487272263	1.8480982780456543	-1.2508609294891357	-0.5681081414222717	-0.1877194344997406	-0.1599266231060028	0.19803942739963531	-1.201775074005127	0.08338600397109985	-0.6610187292098999	0.40242117643356323	0.29103726148605347	0.14344553649425507	-0.11693225800991058	-0.9080894589424133
-0.5416980385780334	0.18440929055213928	1.0146664381027222	0.597242534160614	-0.5960326194763184	-0.742387056350708	-0.42577260732650757	-0.457074910402298	0.6868008375167847	-0.2222995162010193	-0.8610036373138428	0.15452149510383606	-2.977602958679199	0.027679428458213806	0.964957058429718	0.21824097633361816
-0.45777344703674316	-0.09735589474439621	0.9907649755477905	-0.2639522850513458	-0.26147767901420593	-0.08029185980558395	0.2053825557231903	-0.22360725700855255	0.582008421421051	-0.5181664228439331	-0.5317634344100952	0.40266337990760803	-0.7250663042068481	0.4156876802444458	-0.3317229151725769	-0.2288217842578888
-0.5847707390785217	-0.353422611951828	0.109993577003479	0.006455336697399616	-0.3905673921108246	-0.1752389371395111	-0.34467431902885437	-0.5295024514198303	0.37813395261764526	-1.1699727773666382	0.19881418347358704	0.6013368368148804	-2.7210888862609863	0.054036542773246765	0.06582975387573242	-0.2917499244213104
0.7065210342407227	0.39393165707588196	0.883834183216095	-0.3838116228580475	-0.9006801843643188	0.4142829477787018	0.12563928961753845	0.40348559617996216	-0.7217212319374084	0.8002831935882568	-0.8130936622619629	-0.19403985142707825	1.274933099746704	0.7316590547561646	0.4193646311759949	-0.42013856768608093
0.4458274245262146	0.05902019888162613	-0.4174194931983948	-0.7528380751609802	-0.7289912700653076	-0.03928687423467636	-0.7250310182571411	0.30312010645866394	0.06262010335922241	0.7839705944061279	-0.005741983652114868	0.22872301936149597	0.09964245557785034	1.2138757705688477	1.0169705152511597	-1.4765033721923828
0.16330187022686005	0.20149049162864685	3.0182905197143555	-1.2112603187561035	-0.3887923061847687	0.292406290769577	0.09221038222312927	-0.17896752059459686	0.012250527739524841	0.6648311614990234	-0.6750129461288452	-0.20276689529418945	-0.463277667760849	-0.9282594323158264	-0.04253631457686424	-0.5197526216506958
0.09018507599830627	0.788411021232605	0.46858349442481995	0.7459754347801208	-0.55739426612854	-0.5565831661224365	0.439545214176178	0.30710798501968384	0.5978636145591736	0.8090189695358276	-0.026399604976177216	0.7100868225097656	1.1639916896820068	0.705188512802124	-0.018927041441202164	0.661945104598999
0.026613593101501465	0.0599057599902153	1.024674415588379	-0.5963305234909058	-0.13093718886375427	0.6137903928756714	1.121949315071106	-0.012007338926196098	-1.8463317155838013	-0.05422885715961456	-0.0486028790473938	-0.49714499711990356	-1.4743807315826416	-1.8028569221496582	-1.064387559890747	-0.2250271439552307
0.2617010474205017	0.4676133394241333	1.9122254848480225	-0.8919718265533447	-1.5586024522781372	0.7145655155181885	-0.5283610224723816	0.27678388357162476	-1.636767864227295	1.1955198049545288	-1.8452569246292114	-0.7414566874504089	0.7507750391960144	0.6632477641105652	0.9535395503044128	0.9051545858383179
-0.0731746107339859	-0.405446857213974	0.23589873313903809	-0.3163090944290161	-0.005810089409351349	0.5926425457000732	-0.0755215510725975	-0.47715553641319275	0.795633852481842	-0.04513219743967056	1.2766516208648682	0.5807895660400391	-0.03442618250846863	0.4822896122932434	-0.29586416482925415	0.39685875177383423
-0.016882404685020447	0.796328067779541	1.3216638565063477	-0.25737273693084717	-0.5231309533119202	0.25558775663375854	-0.6852944493293762	-0.12160143256187439	-0.6945875287055969	2.5339179039001465	-0.4093908965587616	-0.593580961227417	-0.5513701438903809	0.21017690002918243	1.4966599941253662	2.0297064781188965
0.2548600435256958	0.25927549600601196	0.6597192883491516	-0.8767688274383545	0.721398651599884	0.730704128742218	-0.41580232977867126	0.06735001504421234	-0.24915598332881927	1.7690085172653198	0.2710530161857605	-0.3084571361541748	1.7176897525787354	3.173034906387329	-0.6001600623130798	0.061237629503011703
-0.1819876730442047	-0.30219289660453796	0.6279173493385315	-0.3881678283214569	0.028293393552303314	0.697191059589386	-0.18381032347679138	-0.5763281583786011	0.59327632188797	0.06389707326889038	1.2359261512756348	0.5157693028450012	-0.03979173302650452	0.5304920077323914	-0.45042869448661804	0.8441158533096313
-0.3215752840042114	-0.25938984751701355	-1.1071982383728027	-1.3303629159927368	-0.0589495524764061	0.9662836790084839	0.1815524399280548	0.05668729543685913	-1.769699215888977	0.49223843216896057	0.9687328338623047	0.04612858220934868	0.014684945344924927	0.01900342106819153	-0.7896878123283386	-0.18819165229797363
0.07769203186035156	-0.18769359588623047	-0.7991232872009277	0.47861018776893616	0.39092060923576355	-0.6192720532417297	0.23491692543029785	0.08121104538440704	0.7652137279510498	0.17854386568069458	0.761766791343689	0.95810866355896	-0.4075973629951477	0.4619317650794983	0.0717448890209198	-0.4805750250816345
-0.66890549659729	0.00781732052564621	1.7921717166900635	-0.7678864002227783	0.05541648715734482	-0.2039254605770111	0.6600099205970764	0.21243107318878174	-0.5429259538650513	0.1844848096370697	-0.2000076174736023	-0.04050633683800697	0.07228165864944458	-1.1493276357650757	-0.9395660758018494	-0.693263053894043
-5.658933639526367	0.6015072464942932	3.269174814224243	-0.1980849802494049	2.993467092514038	-2.2362046241760254	1.0006163120269775	-0.8047479391098022	-3.537482500076294	1.757470965385437	-2.2287347316741943	-1.1721224784851074	-3.751519203186035	3.7898523807525635	0.28657424449920654	0.8674314022064209
-4.836606979370117	-0.03282887488603592	2.524994373321533	-1.815657615661621	1.716284990310669	-1.2547054290771484	0.3434846103191376	-0.9315541386604309	-4.422694206237793	1.9377511739730835	-1.5427840948104858	-1.081081748008728	-2.640080451965332	3.5451560020446777	0.33018678426742554	-0.16929388046264648
0.3827035427093506	0.2594459354877472	1.068312644958496	-1.2234132289886475	-0.20762640237808228	0.9487759470939636	-0.4158521592617035	0.10675574839115143	0.536598801612854	0.9275362491607666	-0.19640105962753296	-0.2524709105491638	1.0022931098937988	1.624297022819519	-0.42435845732688904	0.49041545391082764
-1.024520993232727	-0.00586555153131485	1.7043678760528564	-0.9054157733917236	-0.7025244832038879	-0.3448207676410675	0.2935751974582672	0.3515765964984894	0.3497074842453003	-0.1320725977420807	-0.6304447650909424	-0.0758395567536354	0.5009093284606934	-0.5397131443023682	-0.7867594957351685	-0.07888239622116089
-2.0050110816955566	-0.16690576076507568	1.8738977909088135	-1.3197708129882812	0.5686668157577515	-0.4057583510875702	0.830981969833374	-0.3376963436603546	-0.5343134999275208	0.30511540174484253	-0.04279753565788269	-0.235948383808136	-1.516930341720581	-1.0178226232528687	-1.1095919609069824	-1.139952540397644
-1.211776614189148	-0.450058251619339	1.123727798461914	-1.119423747062683	0.30609697103500366	-0.04522671550512314	-0.2689441442489624	-0.049578264355659485	0.033901095390319824	-0.8056411743164062	0.6742120981216431	0.7472350597381592	-0.27991950511932373	-0.05965046584606171	-1.4899977445602417	-1.082649827003479
0.6186699867248535	0.04051273316144943	1.023587703704834	-0.3674052059650421	-0.17952808737754822	0.7802606821060181	0.04072839394211769	0.27407440543174744	-2.607571601867676	0.6254363059997559	-0.2297838181257248	-0.8626224994659424	0.17384958267211914	-0.7832273244857788	0.8565383553504944	0.7957926988601685
0.8711352348327637	0.23046940565109253	0.8178337216377258	0.5623369812965393	0.02799486368894577	0.3439418077468872	0.14951786398887634	0.2815149128437042	-1.419912576675415	0.41248586773872375	-0.370471328496933	-0.3091968894004822	-0.8550814390182495	-0.6663035750389099	0.965968132019043	1.2011266946792603
0.7579150795936584	0.28554752469062805	-1.8382034301757812	0.6256986856460571	0.7800366878509521	-0.22637224197387695	1.0382260084152222	0.1814013570547104	0.2207573503255844	0.7414331436157227	-0.1376625895500183	-0.3420320451259613	0.06913760304450989	2.008049249649048	6.410107016563416e-05	-0.8239306807518005
1.0267572402954102	1.2027220726013184	1.2887134552001953	0.421590656042099	-0.8217726349830627	-0.3740541338920593	-0.28293201327323914	0.6617199182510376	0.3645867109298706	1.8895591497421265	-0.9676156044006348	-0.3326770067214966	1.5100116729736328	0.45023494958877563	1.8200759887695312	0.8623586893081665
2.3432860374450684	0.4573793411254883	2.6743311882019043	2.3392114639282227	0.802944540977478	-0.452202171087265	2.528592109680176	0.5418474674224854	0.6054535508155823	-1.4589682817459106	-2.171813488006592	-0.03870880976319313	0.5727295875549316	-0.37589943408966064	1.223319172859192	-0.3895983099937439
0.12034143507480621	0.3459160327911377	1.0004136562347412	0.7430237531661987	0.6489195227622986	-1.194845199584961	1.1260358095169067	0.2012103646993637	-0.23764005303382874	1.5600804090499878	-0.5757647752761841	-0.19168557226657867	0.499377965927124	0.673172652721405	0.8392527103424072	0.7552610635757446
0.6502459645271301	-1.1187251806259155	0.7073161005973816	-0.533977210521698	0.31673166155815125	1.346584677696228	-0.584175705909729	-0.6724646091461182	0.7905436158180237	-1.497419834136963	1.9463021755218506	1.001237392425537	-0.8809874653816223	-0.8290907740592957	-0.8568210005760193	0.1812325417995453
-0.5658095479011536	-0.18471688032150269	-1.1113417148590088	-0.41701000928878784	-0.6391291618347168	0.6945447325706482	0.22022610902786255	-0.11538858711719513	-0.05291469395160675	0.5959088802337646	-0.016566433012485504	0.6744033694267273	-0.07749330997467041	0.8492496013641357	-0.027895953506231308	1.790832757949829
0.8021700382232666	0.007408909499645233	0.3996634781360626	0.036652956157922745	-0.22563409805297852	-0.00782119482755661	0.6587874889373779	0.20000465214252472	-0.8770922422409058	-0.34494298696517944	-1.3744187355041504	0.12895655632019043	-0.9909784197807312	0.9841244220733643	0.46098145842552185	-1.7569153308868408
-0.35307997465133667	0.13380426168441772	1.387512445449829	-1.5079357624053955	-0.9040391445159912	0.5649555921554565	0.195424884557724	0.23734700679779053	-0.08699800074100494	0.5882724523544312	-0.408157080411911	-0.006684725638478994	0.7543389201164246	0.502301037311554	-0.8396929502487183	-0.721771240234375
0.17189539968967438	0.06887594610452652	0.3472893238067627	-0.20466184616088867	-0.23400214314460754	0.6896374821662903	0.3038123548030853	0.10801467299461365	-0.2400016486644745	0.30927252769470215	-0.20090492069721222	-0.2147550880908966	0.5295170545578003	0.3774508237838745	0.013200175017118454	0.34743732213974
-0.8488776683807373	-0.372218519449234	-0.04143562912940979	-1.7231694459915161	-0.8849272727966309	0.6477441191673279	-1.5267618894577026	-0.47845128178596497	0.8486983180046082	1.248334288597107	1.9481213092803955	-0.5250741243362427	0.42979270219802856	0.08747848868370056	1.3961924314498901	-0.5733928680419922
0.5235441327095032	-0.19793272018432617	0.13402590155601501	0.4590262472629547	-0.5485745072364807	-0.32357850670814514	0.44600749015808105	0.12598106265068054	-0.543296217918396	-0.3228917717933655	-0.7881412506103516	0.0037543647922575474	-0.5638421773910522	0.3514193892478943	1.0169471502304077	-0.08464717864990234
0.5786769986152649	0.3692752718925476	1.912365436553955	-0.891579270362854	-1.3934545516967773	0.9209954738616943	-0.6385564804077148	0.26456883549690247	-1.3240066766738892	1.1263335943222046	-1.9839929342269897	-1.1688339710235596	1.3311612606048584	1.043596625328064	1.228854775428772	0.8190389275550842
-0.22642600536346436	-0.016046814620494843	0.7630230188369751	0.6950643658638	0.9599021077156067	-0.2049253284931183	0.8642608523368835	-0.09633562713861465	-0.3535704016685486	-0.39095020294189453	-0.8841216564178467	0.5851727724075317	-1.207207202911377	0.9360135793685913	-0.6474617719650269	0.06401348114013672
3.0891952514648438	0.9436330199241638	3.3847877979278564	-1.343080997467041	-0.07837972790002823	2.6056618690490723	-0.8019219636917114	0.2155500203371048	2.836392879486084	1.0542277097702026	-1.2205276489257812	-0.6662083268165588	-1.3958983421325684	0.131867453455925	-0.6499131917953491	1.460937738418579
0.7659564018249512	-0.0917668417096138	1.992206335067749	-2.7144532203674316	-0.19220516085624695	1.7958401441574097	-1.1745531558990479	-0.30363646149635315	2.3951711654663086	1.1076655387878418	-1.6143081188201904	-0.8149005770683289	-0.9053574800491333	2.770956039428711	-0.9825075268745422	0.06926250457763672
0.8469972014427185	-0.1842028796672821	2.101992130279541	0.6151955127716064	1.6428039073944092	-0.24058392643928528	1.06544029712677	0.296754390001297	-0.15459942817687988	-0.2998315691947937	0.3594737946987152	0.1648036241531372	0.22850286960601807	-1.120216965675354	-0.20374180376529694	-0.3572627007961273
0.9937150478363037	-0.8804405927658081	-0.6167692542076111	-0.7864028215408325	-1.0682083368301392	2.2539334297180176	-0.5853490829467773	0.08652316778898239	-0.933763861656189	-0.9824544191360474	-0.25894513726234436	0.4901963472366333	-3.007863759994507	-0.3832586407661438	-1.2958474159240723	1.6333963871002197
0.6731349229812622	0.12064095586538315	1.1083149909973145	-0.6120622158050537	-0.4632006287574768	1.581458330154419	-0.2757076919078827	-0.26289379596710205	-0.4791834354400635	-0.4549904465675354	-0.13936245441436768	0.01625090278685093	0.5526009798049927	0.48207926750183105	-0.8696129322052002	0.45672571659088135
0.07690991461277008	0.0014088675379753113	2.1355180740356445	-2.961700201034546	-1.137595295906067	1.667536735534668	-1.6598711013793945	-0.22639189660549164	1.0219248533248901	1.7780711650848389	-1.2826318740844727	-0.9599864482879639	-0.28088200092315674	1.7795637845993042	-0.590897798538208	0.2758883237838745
0.13072718679904938	-0.7044931650161743	-0.3785342574119568	-0.23943330347537994	-0.23299115896224976	0.02475748211145401	-0.37612298130989075	-0.13374190032482147	0.49239540100097656	-0.584342360496521	0.6932364702224731	0.8396618366241455	-0.8786187171936035	0.531643271446228	0.36045342683792114	-0.8967939615249634
0.03353005647659302	-0.46957048773765564	-3.0224897861480713	0.08437313139438629	0.36534252762794495	-0.270801842212677	-1.046404242515564	-0.42295703291893005	2.3614163398742676	1.9590121507644653	0.9554742574691772	-0.12262558192014694	-2.4817769527435303	2.548090696334839	1.7067660093307495	-0.24613556265830994
-0.5674014091491699	-0.24619382619857788	-0.7174029350280762	-0.6099765300750732	-0.3422471880912781	-0.007055439054965973	-0.6382405757904053	0.1331101655960083	-0.7976966500282288	1.0932601690292358	-0.06646254658699036	0.21118006110191345	-0.9434351921081543	0.7569481134414673	1.8085246086120605	0.05073368176817894
0.7259989976882935	0.8392199873924255	-1.8518259525299072	0.8697816133499146	1.6857531070709229	-0.6780099868774414	2.8826372623443604	0.08105668425559998	-0.2512491047382355	1.7397431135177612	0.6782312393188477	-0.25352853536605835	0.10985338687896729	0.8599684238433838	-1.733459711074829	-1.7354294061660767
-0.22188428044319153	-0.7707979679107666	1.0942907333374023	-0.4497899115085602	1.124261498451233	0.720341682434082	1.02949059009552	-0.18483713269233704	-0.09031808376312256	-0.9979614019393921	0.9700560569763184	0.17476361989974976	0.0424446165561676	-0.6268398761749268	-2.378042221069336	0.3662141263484955
0.3022681474685669	-0.23648405075073242	1.8976058959960938	-0.7894459366798401	-0.11302613466978073	0.5382372140884399	0.4387417137622833	-0.33178672194480896	-0.7955582141876221	-0.36938437819480896	0.24114614725112915	0.09218551963567734	-0.3215204179286957	-0.8216066956520081	-0.47127270698547363	-0.7553032636642456
0.8591595888137817	0.7334842085838318	1.5850951671600342	0.049845460802316666	-0.7541841268539429	-0.11171329766511917	-0.1710357666015625	0.2416815310716629	0.8567999005317688	0.9204853773117065	-1.0299713611602783	0.15375979244709015	0.49919360876083374	0.49033164978027344	0.8525837659835815	0.8274990320205688
1.3634008169174194	0.26804664731025696	0.17636483907699585	-0.061820175498723984	-0.04421243816614151	0.4500183165073395	0.4582690894603729	-0.23443739116191864	0.5828325152397156	0.3591640889644623	0.16237112879753113	0.4407798647880554	-2.1377816200256348	0.814960777759552	-0.16547207534313202	-1.6109802722930908
-0.8280107378959656	0.09704086929559708	0.1493171602487564	0.3901713192462921	0.10402724891901016	-0.6717942953109741	1.045372486114502	0.06368496268987656	0.3071170449256897	0.611443281173706	-0.7992430925369263	-0.16152164340019226	-0.8440894484519958	0.2099541276693344	0.11134983599185944	0.8456410765647888
0.2579841613769531	1.1889516115188599	-0.20264416933059692	1.1335256099700928	-0.20964723825454712	-1.4052233695983887	1.3532737493515015	0.8908143639564514	0.6146001815795898	0.8622854948043823	-0.08025725930929184	0.8305186629295349	2.2913918495178223	0.8160277009010315	-0.7452409863471985	-0.23671287298202515
-0.3190595507621765	-0.35019490122795105	0.33117106556892395	-0.1782871037721634	0.40018805861473083	0.2393094003200531	0.39721614122390747	-0.2769584059715271	-0.06301930546760559	-0.17642058432102203	0.1494717299938202	0.3035648763179779	-0.9934017062187195	0.21447542309761047	-0.40126508474349976	0.1305704116821289
0.8867628574371338	1.2072679996490479	-2.533642530441284	0.307719886302948	0.26386651396751404	0.19098365306854248	1.4822028875350952	-0.08920402824878693	1.9935780763626099	3.4589896202087402	1.3441137075424194	-1.0177546739578247	1.290921926498413	1.4202871322631836	-0.06519250571727753	-0.46473899483680725
0.367034375667572	-0.2507709860801697	0.07140275835990906	0.5391236543655396	0.13997754454612732	-0.01857779175043106	0.19639433920383453	-0.010732455179095268	-0.31129181385040283	-0.024793118238449097	-0.1945490837097168	0.5978971719741821	-0.8042589426040649	0.4908401370048523	0.7029862999916077	-0.13549669086933136
-0.2885459065437317	-0.3795523941516876	0.7141767740249634	-0.013842354528605938	0.35640519857406616	0.1959749460220337	0.0075666941702365875	-0.4134621322154999	0.40803784132003784	-0.2494862675666809	0.26161640882492065	0.46569734811782837	-0.8005728721618652	0.4805333614349365	0.01543501392006874	0.4068751335144043
-0.7997406125068665	-0.20091462135314941	2.195514440536499	-2.2341747283935547	-0.29436174035072327	1.205336332321167	-0.06822386384010315	-0.23123855888843536	-2.3840456008911133	0.2727270722389221	-1.3142861127853394	-0.09696949273347855	-1.0421077013015747	1.0881403684616089	-1.5322922468185425	-0.0580524243414402
0.6142936944961548	0.5668714642524719	0.7896971106529236	-0.3982260823249817	-0.8942828178405762	0.48469504714012146	-0.11974164843559265	0.1041739284992218	0.40781253576278687	1.6891061067581177	-0.02571094036102295	-0.3512119650840759	0.6844376921653748	-0.19386593997478485	0.9256862998008728	0.31706416606903076
-1.1606284379959106	0.7058817148208618	-0.6815677285194397	0.9159966111183167	1.6811681985855103	-1.0623879432678223	0.3096538484096527	-0.19098517298698425	0.06051813066005707	1.2705724239349365	-0.49625810980796814	0.14815466105937958	-2.7347474098205566	2.172027111053467	0.650225043296814	0.29776695370674133
-0.2188795655965805	0.7201201915740967	0.19373711943626404	0.04299179092049599	-1.2422595024108887	-0.11292170733213425	0.32122406363487244	0.2788046896457672	-0.758174479007721	1.757422924041748	-0.370665967464447	-0.25604623556137085	0.9222944378852844	-1.028512954711914	1.0159087181091309	0.876059353351593
0.13961748778820038	-1.1053977012634277	0.20015263557434082	-0.2600420117378235	-0.32536664605140686	0.9914388060569763	-0.6738571524620056	-0.6789262294769287	0.2757437825202942	-1.8830174207687378	1.4817222356796265	0.836186408996582	-1.9571914672851562	-1.1057130098342896	-0.859347403049469	0.9107010364532471
0.19832833111286163	-0.054190315306186676	0.06364224851131439	-0.0552496574819088	-0.1624828577041626	0.39992785453796387	-0.10992841422557831	0.10415371507406235	-0.6945275664329529	0.44355645775794983	-0.47545450925827026	-0.006404404994100332	-1.5168099403381348	0.5072385668754578	0.8681797385215759	0.37000441551208496
-1.1921197175979614	-0.2720411419868469	-1.0899436473846436	-1.7059240341186523	-0.7781623601913452	0.7034526467323303	-0.8282323479652405	-0.31334665417671204	-0.33130255341529846	0.5905020236968994	0.7585880756378174	0.31039994955062866	0.39033645391464233	0.8732650876045227	0.18918944895267487	0.17791247367858887
-0.3367800712585449	-0.1881663203239441	0.00895904004573822	-0.04150783643126488	0.19222688674926758	0.037470534443855286	0.12173323333263397	-0.15356652438640594	-0.1877085268497467	0.2960539758205414	0.1476110816001892	0.2583721876144409	-1.1044634580612183	0.23470637202262878	0.47343605756759644	0.2626446783542633
-0.23826338350772858	-0.1953028440475464	0.5469824075698853	-0.20453667640686035	-0.3106464147567749	-0.20341017842292786	0.41506579518318176	0.07456233352422714	-0.8211296200752258	-0.1457744687795639	-0.9957904815673828	0.11639270931482315	-1.0876270532608032	0.41234511137008667	0.6348198056221008	-0.1830841600894928
-0.0061369389295578	0.044586874544620514	0.46841052174568176	0.4123201072216034	0.24181008338928223	0.10775188356637955	0.37338757514953613	-0.04285312443971634	-0.4615158438682556	-0.28682130575180054	-0.4690682590007782	0.23728348314762115	-1.800873041152954	0.2704923748970032	0.08396174013614655	0.46597546339035034
0.5646957159042358	-0.51396644115448	-3.389509677886963	0.5704745054244995	0.4766683280467987	-0.19390341639518738	-1.2838811874389648	-0.3267299234867096	2.4433910846710205	1.7925448417663574	0.9851820468902588	0.3872512876987457	-2.0260727405548096	3.029642105102539	2.008291721343994	-0.2877330482006073
0.12316732108592987	-0.053534604609012604	0.014214649796485901	0.30800509452819824	-0.22577685117721558	-0.1172812208533287	-0.16925448179244995	0.04995279759168625	0.40947777032852173	0.3954944908618927	-0.06410382688045502	0.35444176197052	-0.41759422421455383	0.5297539830207825	1.2194665670394897	-0.20119528472423553
0.35467249155044556	0.5253801941871643	0.3244999647140503	-0.49477654695510864	-0.6360403895378113	0.3536751866340637	0.3561665117740631	-0.053801439702510834	1.3380361795425415	0.6905226707458496	0.6855752468109131	0.36169466376304626	0.6731787323951721	0.4920411705970764	-0.5363615155220032	-0.387949675321579
0.39493197202682495	0.08264949172735214	1.1485955715179443	-0.1001620963215828	-0.622604489326477	-0.0257042795419693	0.12728789448738098	-0.08154498040676117	0.04069414734840393	0.6738600730895996	-0.32536327838897705	-0.13204781711101532	-0.7826567888259888	-0.70892733335495	0.9238085150718689	0.375266432762146
-5.193024635314941	-0.8378733992576599	4.2925214767456055	-8.583365440368652	-4.0639238357543945	2.3511993885040283	-2.085282802581787	0.45430824160575867	-7.252074241638184	4.464500904083252	-3.6524949073791504	-3.2759523391723633	-0.7476866245269775	-2.8543779850006104	1.0399640798568726	-0.44168567657470703
-0.3662835955619812	-0.3313027024269104	0.23601332306861877	0.10850200802087784	0.5200111269950867	0.03413320705294609	0.17144984006881714	-0.3305969536304474	0.07245279848575592	0.13113203644752502	0.2538463771343231	0.4107849597930908	-0.9775034189224243	0.4964166283607483	0.29585903882980347	0.3437177240848541
0.34529924392700195	0.0897466316819191	2.41593861579895	-1.1598340272903442	-0.2990850508213043	0.5089632272720337	0.09903159737586975	-0.23838146030902863	0.28096383810043335	0.595051646232605	-0.29981353878974915	-0.17494714260101318	-0.3684549629688263	-0.7528389692306519	-0.23906336724758148	-0.08651423454284668
1.1504231691360474	-0.913356602191925	0.8005697131156921	-0.3258225917816162	0.39743050932884216	1.4719831943511963	-0.6300588846206665	-0.6298214197158813	1.2788772583007812	-1.4845142364501953	1.8307340145111084	1.2135653495788574	-1.5152244567871094	-0.8431578278541565	-1.2737606763839722	0.73035728931427
0.8191965222358704	-0.02409151941537857	0.1027269959449768	-1.4114720821380615	-1.2845101356506348	0.6957391500473022	-1.3905764818191528	-0.0436977744102478	1.168522596359253	1.3217408657073975	0.4766214191913605	0.049169715493917465	-0.574779212474823	0.5847139954566956	1.3934236764907837	-1.4157052040100098
0.4230140447616577	-0.10310951620340347	0.5467777252197266	0.03871414437890053	0.19698762893676758	0.4411590099334717	0.42047932744026184	-0.14030034840106964	0.37145155668258667	0.05489248037338257	-0.24943217635154724	0.25358065962791443	-0.5298017859458923	0.3775883913040161	-0.04317285493016243	0.25191739201545715
0.9034343957901001	-0.6261885762214661	-0.17803031206130981	0.46292248368263245	-0.6414300203323364	-0.22335880994796753	-1.4089016914367676	-0.14565281569957733	-0.6873739957809448	-0.8626754283905029	-0.22561752796173096	0.7090572118759155	-2.953726053237915	1.272127628326416	2.354511260986328	-1.5306036472320557
1.8449856042861938	-0.004069633781909943	2.5430190563201904	1.3241006135940552	0.5485309958457947	0.2525804042816162	1.4011449813842773	0.513004720211029	1.1215299367904663	-1.91768479347229	-1.1967647075653076	0.2571806311607361	0.23564177751541138	-0.859937846660614	0.5585785508155823	-0.06515146791934967
1.1087219715118408	0.6077092289924622	-0.22943541407585144	0.9047083258628845	0.6564804315567017	-0.4829184114933014	1.1897519826889038	0.09065611660480499	1.4368788003921509	1.043548345565796	-0.41197794675827026	0.21217265725135803	-0.08935174345970154	1.5164836645126343	0.41275227069854736	-0.500667154788971
-0.33442267775535583	0.28128868341445923	0.4566138684749603	-0.052220042794942856	-0.6122832298278809	-0.24549999833106995	-0.2397070676088333	0.11422178894281387	0.45545244216918945	-0.27266985177993774	0.11179153621196747	0.8905829787254333	0.7417095303535461	0.7679877281188965	-0.6933773756027222	0.1871332824230194
1.0892086029052734	0.22924208641052246	1.337385892868042	0.015912864357233047	-0.7955272197723389	0.41387343406677246	0.14044764637947083	0.048001572489738464	-0.38605204224586487	0.2879756987094879	-0.6621487140655518	0.052039291709661484	-0.4020613431930542	-0.5984548926353455	0.6129703521728516	0.5420352816581726
-0.29734915494918823	1.5891703367233276	-3.157083511352539	1.4624097347259521	1.6293895244598389	-3.2822189331054688	2.65923810005188	0.6169390678405762	-0.9396589398384094	4.301169395446777	1.5569806098937988	-0.47231996059417725	1.701523780822754	0.36905229091644287	1.7383651733398438	-1.4254047870635986
-0.6476587653160095	-0.10548368841409683	0.5489816665649414	0.1990499198436737	-0.11981964856386185	-0.4222405254840851	-0.2999359667301178	-0.6280696988105774	0.43956154584884644	-0.9710922241210938	0.2132364809513092	0.7622913122177124	-3.1771817207336426	0.32199376821517944	0.1003151386976242	-0.2240561842918396
1.4738755226135254	0.6787700057029724	-0.5167567133903503	1.2528902292251587	1.0887309312820435	-0.555928111076355	1.1845730543136597	0.47247937321662903	0.9914342761039734	1.3017783164978027	-0.27594131231307983	0.08285903185606003	0.9049691557884216	2.1139657497406006	0.71320641040802	-0.4885994791984558
-0.6587719917297363	0.7426193356513977	1.5299899578094482	-0.6612502932548523	-1.4983184337615967	-0.17354732751846313	0.25298577547073364	0.28888481855392456	-1.2459014654159546	1.8508530855178833	-1.2458158731460571	-0.6109297275543213	1.313894271850586	-0.3179096579551697	0.70170658826828	0.8058454990386963
0.1364908665418625	-0.3640352487564087	-0.11727148294448853	0.03512350097298622	-0.21930065751075745	0.02552960067987442	-0.4224447011947632	-0.08548431098461151	-0.12267868965864182	0.27760210633277893	-0.29005512595176697	0.6131749153137207	-0.9075995087623596	1.0698248147964478	1.3365238904953003	-0.18446454405784607
-0.296261191368103	-0.1551322042942047	-0.8867716193199158	-0.10930439084768295	-0.41560378670692444	0.17245295643806458	-0.18373489379882812	-0.02734183333814144	0.2124672383069992	0.9604359865188599	0.07645134627819061	0.587556004524231	-0.23412726819515228	0.7339587807655334	1.0165590047836304	0.6807288527488708
0.010292544960975647	-0.16790592670440674	2.0450141429901123	0.1459357738494873	0.9512011408805847	0.057846687734127045	-0.5492748618125916	-0.8653043508529663	0.6154935956001282	0.49598416686058044	-0.3028222322463989	0.3434073328971863	-1.2064378261566162	2.3944528102874756	0.6731597781181335	0.6371381282806396
0.9208437204360962	0.6561112999916077	0.3665387034416199	-0.010328675620257854	-0.5904839038848877	-0.07486965507268906	0.42087841033935547	0.2232094556093216	0.3098120093345642	0.8845468759536743	0.2502170503139496	0.697556734085083	0.19044631719589233	0.09034737944602966	-0.10357348620891571	-0.7258939743041992
0.23043192923069	-0.1676815152168274	0.39137884974479675	0.14464789628982544	0.11508046835660934	0.2700499892234802	0.5332436561584473	-0.23909635841846466	0.45878446102142334	-0.06501281261444092	-0.4233706295490265	0.2359493523836136	-1.0837295055389404	0.6233980059623718	-0.009222183376550674	0.02868438884615898
0.01631683111190796	-0.18492308259010315	-0.21922123432159424	0.47725656628608704	0.1856776773929596	0.01786332204937935	0.3452686369419098	-0.026727667078375816	-0.26896238327026367	-0.26797908544540405	-0.36554625630378723	0.34164467453956604	-1.3875367641448975	0.5013361573219299	0.4139406681060791	0.37301287055015564
-0.2561147212982178	-0.06912399083375931	2.050630569458008	-1.1342685222625732	-0.564131498336792	0.46509674191474915	-0.634904682636261	-0.2809779942035675	-0.9651121497154236	0.8398990631103516	-0.4086010158061981	-0.031142687425017357	-0.9124601483345032	-0.02562473714351654	0.7022051215171814	0.13046741485595703
-0.14262549579143524	-0.28241872787475586	0.5353471040725708	0.24795809388160706	-0.36554473638534546	-0.21641814708709717	-0.8211256265640259	-0.5396232604980469	0.31895285844802856	-1.153182029724121	-0.3324563801288605	0.6149395704269409	-3.204533576965332	1.0248830318450928	0.5410215258598328	-0.7376275062561035
0.11636967957019806	0.3803651034832001	1.480128526687622	-0.5177075266838074	-0.34416744112968445	0.24515312910079956	0.4850580394268036	0.16026833653450012	-0.5851143598556519	0.40250757336616516	-0.6515716314315796	0.30938786268234253	0.5718214511871338	0.3863871693611145	-1.036798119544983	0.1991989016532898
0.03942771255970001	-0.09436769038438797	2.4945614337921143	-1.3757288455963135	-2.139974594116211	0.5847492814064026	-1.879075527191162	0.13726352155208588	0.16387705504894257	1.4702693223953247	-0.06939634680747986	-0.6318159103393555	-4.683195114135742	-2.6076433658599854	1.3019425868988037	0.5632270574569702
0.4268794655799866	-0.08069926500320435	0.810895562171936	1.3921358585357666	1.2019926309585571	-1.1507940292358398	1.4989722967147827	0.06868189573287964	0.6547996997833252	-0.9418109655380249	0.5048412084579468	0.3699341118335724	-0.7040053606033325	-1.0043926239013672	0.35975921154022217	-0.8871602416038513
0.7399424910545349	0.6269286274909973	1.3345718383789062	-0.1895168125629425	-0.8372525572776794	0.9443607926368713	0.4285535216331482	0.032536402344703674	0.28373003005981445	0.2576141953468323	-0.5625568628311157	-0.2372453808784485	1.5609550476074219	0.5780495405197144	-0.11407390236854553	0.83393394947052
-4.541117191314697	-0.23870211839675903	2.2594077587127686	-2.8981809616088867	0.3747222125530243	-0.47224918007850647	-1.4406533241271973	-0.09550400078296661	-3.9365665912628174	1.8955332040786743	-1.4858932495117188	-1.0966435670852661	-2.695357322692871	0.97372967004776	2.4679055213928223	0.07323122024536133
0.46095192432403564	0.47360867261886597	1.8234310150146484	-0.26051798462867737	-1.4879364967346191	0.2359512746334076	-0.4349817931652069	0.35133400559425354	-1.4847544431686401	0.8238461017608643	-1.9611725807189941	-0.3832798898220062	1.0054972171783447	0.9631471633911133	1.1939669847488403	0.721901535987854
-0.33283671736717224	-0.06478916853666306	-0.17567425966262817	-1.0442593097686768	-0.13292986154556274	0.5281798243522644	-0.6162291169166565	-0.16089694201946259	-0.630556046962738	0.3111761212348938	0.28476086258888245	0.420224130153656	0.269173800945282	1.261626958847046	-0.39767590165138245	0.06400442123413086
0.20700515806674957	0.2379932701587677	-1.0929508209228516	0.8646745681762695	0.7961210608482361	-0.7197132110595703	0.7227678894996643	-0.11925745010375977	-0.625286877155304	0.7330111265182495	0.485835999250412	0.52386474609375	-1.3102126121520996	0.6616576910018921	0.4356725513935089	0.023286741226911545
0.4357658624649048	0.6263308525085449	3.03120493888855	-0.44402876496315	-0.4631374776363373	-0.01174280047416687	0.8424338698387146	0.15648280084133148	-0.4932669997215271	1.4190433025360107	-1.2741109132766724	-0.4115496575832367	0.8980029225349426	-0.6672323346138	-0.16379444301128387	1.3315370082855225
-0.07763104140758514	0.44707512855529785	0.002547234296798706	1.484787940979004	1.4140409231185913	-1.2077488899230957	1.9564975500106812	0.010958028957247734	-0.6406772136688232	0.6489303112030029	-0.4560421407222748	0.16705355048179626	-0.43366751074790955	0.21255609393119812	-0.413472056388855	-0.03738224133849144
0.44666850566864014	1.660139799118042	2.371161937713623	2.42257022857666	0.5267630219459534	-4.36802864074707	2.1761388778686523	-0.10803879797458649	1.2285500764846802	7.220858573913574	-0.4946019947528839	-1.639052152633667	-3.7255237102508545	-3.2189345359802246	4.071461200714111	-0.09155595302581787
-1.6048929691314697	-0.11041546612977982	1.7527985572814941	-1.3160916566848755	-0.051742084324359894	-0.395386278629303	0.5526674389839172	-0.2523161470890045	0.4781225919723511	0.2960624396800995	-0.22579187154769897	-0.18639355897903442	-1.3397843837738037	-0.8317931890487671	-1.1111336946487427	-1.0482909679412842
-0.829348623752594	-0.11674711853265762	-0.4910596013069153	-0.609874963760376	-0.3291977345943451	0.13121157884597778	0.2345198094844818	0.03545713424682617	0.00012362003326416016	0.688078761100769	-0.6234772205352783	0.07036497443914413	-1.302073359489441	0.45873498916625977	0.36325782537460327	0.4292571544647217
-0.8457401394844055	0.416207879781723	2.054476261138916	-0.3035522997379303	-0.13656467199325562	-0.7941338419914246	-0.02938535436987877	0.6804128885269165	-0.554906964302063	-0.3071814775466919	-0.20667001605033875	0.46180135011672974	1.0839128494262695	-1.2796088457107544	0.1211286187171936	-1.1622376441955566
-0.22674228250980377	-0.24864116311073303	0.8803618550300598	0.22064903378486633	-0.33686500787734985	0.07280825823545456	-0.42990073561668396	-0.6884512305259705	0.24395234882831573	-1.8719054460525513	0.22559049725532532	0.8788272142410278	-3.798661470413208	0.30472737550735474	-0.37050580978393555	-0.47344285249710083
1.4923757314682007	-1.2813746929168701	-1.7583568096160889	-1.205430507659912	-1.8749737739562988	3.4367353916168213	-1.5519046783447266	0.33579960465431213	-0.41745108366012573	0.18140271306037903	-0.30944323539733887	0.3230076730251312	-3.875681161880493	0.0021187812089920044	-0.7238346934318542	3.290116786956787
-5.5477190017700195	0.32779353857040405	3.6230990886688232	-0.7326064109802246	2.7296762466430664	-1.886370062828064	0.4833923280239105	-0.9643974304199219	-3.746295213699341	2.2780957221984863	-2.4507858753204346	-1.5783326625823975	-3.6968860626220703	4.621052265167236	0.37974053621292114	0.8146622180938721
-0.5208835601806641	-0.36196833848953247	-0.08012755215167999	-0.05410115048289299	0.04846405237913132	0.15144270658493042	-0.23187628388404846	-0.29640641808509827	-0.14525547623634338	-0.4638737440109253	0.31823447346687317	0.639646589756012	-1.4487206935882568	0.34627050161361694	0.26016098260879517	0.665876030921936
0.32750970125198364	0.014718137681484222	0.29644614458084106	-0.02877691015601158	0.2909314036369324	0.41934484243392944	0.3010547459125519	0.08088074624538422	-0.023751720786094666	0.21708711981773376	-0.16017204523086548	0.1007346510887146	0.11630862951278687	0.7246940732002258	-0.12170813977718353	0.16892008483409882
-1.1356838941574097	-1.0814203023910522	-4.824432849884033	-2.519932270050049	-2.7543253898620605	1.0180732011795044	-1.8741705417633057	0.3661499619483948	-0.2236241102218628	0.6079747676849365	0.13510096073150635	0.3289264440536499	-1.4684782028198242	0.8457186222076416	1.924599528312683	0.38211527466773987
-0.6036198139190674	0.38908058404922485	-0.1272224634885788	0.29647067189216614	-0.16987591981887817	0.08688735961914062	0.244673490524292	-0.298420250415802	0.5986102223396301	0.9575322866439819	0.19882944226264954	0.48243072628974915	-0.5104660987854004	0.2649305760860443	0.1308477371931076	1.5548210144042969
-0.622336208820343	0.8130730986595154	1.796041488647461	-0.6094391942024231	-1.6964037418365479	-0.39160388708114624	0.0647534430027008	0.48220929503440857	-1.092041254043579	1.775294542312622	-1.463353157043457	-0.5089166760444641	2.073336362838745	0.1340084820985794	0.5572628974914551	0.5757714509963989
0.405269980430603	0.07554776221513748	1.6399939060211182	0.5416646003723145	0.11573266237974167	-0.45191535353660583	0.36069875955581665	-0.6764642596244812	0.7192720174789429	-0.500253438949585	0.01631411910057068	0.809702455997467	-1.6003139019012451	0.1683722585439682	0.29345884919166565	-0.1642642617225647
-0.18231940269470215	1.2669715881347656	0.19133973121643066	0.7691606879234314	-0.5033795833587646	-1.3510545492172241	1.0751880407333374	0.8821027874946594	0.09408427774906158	0.6351824998855591	-0.4426298439502716	0.9402979612350464	2.0154788494110107	0.38671326637268066	-0.815969705581665	-0.1470547914505005
0.22286386787891388	-0.33182814717292786	0.5075460076332092	-0.34661003947257996	-0.3978806734085083	0.24542927742004395	0.10902899503707886	0.017380261793732643	-0.48831498622894287	-0.4433070719242096	-0.5235467553138733	0.4675014615058899	-0.7677944898605347	0.36791330575942993	0.14267699420452118	-0.6215386390686035
-0.4056822657585144	-0.21259602904319763	1.2376315593719482	-0.6770238280296326	-0.2778668999671936	0.20250704884529114	0.2019963562488556	-0.32705143094062805	0.6233422756195068	-0.03977079689502716	-1.0118571519851685	0.1714463084936142	-0.9771250486373901	1.0611565113067627	-0.6003678441047668	0.2834129333496094
0.035439327359199524	-0.16306385397911072	1.2719106674194336	0.3638090491294861	0.6545554399490356	0.1163368970155716	0.5481035113334656	-0.5980294942855835	0.6844502091407776	-0.5873414874076843	0.17733702063560486	0.5838233232498169	-1.4745268821716309	0.16421420872211456	-0.7210831642150879	0.45649629831314087
-0.610669732093811	0.22386503219604492	0.0049542710185050964	0.4337684214115143	0.17750242352485657	-0.0928247794508934	0.8564462661743164	0.015956703573465347	-0.0011917799711227417	0.22799557447433472	-0.7022949457168579	0.1682480126619339	-2.0619969367980957	0.1827232837677002	-0.2115589827299118	1.30330228805542
-0.9481409788131714	-0.8267321586608887	-0.7283729910850525	-0.1259055733680725	-1.0621675252914429	1.5696632862091064	0.8314457535743713	-0.41236960887908936	-0.39646589756011963	-0.1767074167728424	0.9195367097854614	0.6090501546859741	1.3487398624420166	0.6682927012443542	-0.8558784127235413	4.3551788330078125
-0.6856322884559631	-0.2149561047554016	0.4094480276107788	0.006274013314396143	0.11219284683465958	0.12855209410190582	0.4644918143749237	-0.2626552879810333	0.005899220705032349	0.11413237452507019	0.55693519115448	0.2554704248905182	-0.366014689207077	-0.48236995935440063	-0.22724230587482452	1.095832347869873
1.448588490486145	0.41583919525146484	4.506523609161377	1.135488748550415	1.496375322341919	-0.1338159739971161	1.4404380321502686	-0.11298726499080658	1.7667555809020996	-0.7621408700942993	-0.21615397930145264	0.7789909839630127	0.04336145520210266	-1.1839169263839722	-0.6349032521247864	1.4046002626419067
-0.8523247838020325	-0.20992997288703918	-0.46419569849967957	-0.03169425204396248	-0.5029839277267456	0.4010326564311981	0.14730580151081085	-0.26931750774383545	0.7872101664543152	-0.0015864968299865723	0.1237185001373291	1.141886830329895	-0.27612602710723877	0.5690413117408752	-0.5910031795501709	2.250434160232544
-0.42943912744522095	-0.11983606964349747	0.577810525894165	-0.8482707738876343	0.013798870146274567	0.262342631816864	0.39106279611587524	-0.04950001835823059	-0.5580109357833862	0.5988856554031372	-0.43761828541755676	-0.018454020842909813	-0.5723603963851929	0.6604604125022888	-0.22866491973400116	-0.1386391818523407
1.2782496213912964	-0.8721501231193542	2.3594672679901123	1.7321033477783203	0.7039173245429993	1.0720140933990479	2.4183733463287354	0.5681195855140686	0.5547314286231995	-3.3795156478881836	-0.07516412436962128	0.12756450474262238	1.9151177406311035	-2.2176353931427	-2.411905288696289	2.127976417541504
-0.022176995873451233	-0.5234891772270203	0.16308966279029846	-0.1186688020825386	-0.16003581881523132	0.09542298316955566	-0.4386458694934845	-0.47952237725257874	0.24714715778827667	-0.8534067869186401	0.2166975438594818	0.5362927317619324	-2.118803024291992	0.536216676235199	0.30851641297340393	-0.33149218559265137
-0.5228253602981567	-0.05139968544244766	1.6138050556182861	0.017114076763391495	-0.5438629984855652	-0.2360534965991974	-0.5331410765647888	-0.6224470138549805	1.1482858657836914	0.35122862458229065	-0.37065374851226807	0.08577083796262741	-2.3404831886291504	-0.3030167818069458	0.8969085216522217	0.5779076218605042
-0.4659157395362854	0.4886942505836487	-1.9778051376342773	0.9989051222801208	2.035273551940918	-2.0949347019195557	0.5299280881881714	-0.04492564499378204	-0.8655373454093933	4.095638751983643	2.823157548904419	0.37469857931137085	-4.003668308258057	-0.47021734714508057	2.4122819900512695	-1.0509653091430664
-2.3576133251190186	0.4448775053024292	0.7364999651908875	1.2619867324829102	0.3334709107875824	0.10892025381326675	0.7193349599838257	-0.9393254518508911	4.189050197601318	-0.055688515305519104	2.0739681720733643	2.273606777191162	-0.8941785097122192	0.22867976129055023	-2.447946310043335	4.459496974945068
0.03681306540966034	-0.14536115527153015	1.0108158588409424	-0.39790767431259155	-0.3341309726238251	0.37929895520210266	-0.1420602947473526	-0.05853734910488129	0.07627840340137482	0.301633358001709	-0.817996621131897	-0.1347164511680603	-0.5294549465179443	0.6408161520957947	0.659612774848938	0.33920854330062866
-5.276851177215576	0.36955195665359497	3.2793405055999756	-0.806338906288147	2.4826786518096924	-1.8342714309692383	0.5149896144866943	-0.6903472542762756	-3.8821589946746826	2.051941394805908	-2.4620473384857178	-1.3607124090194702	-3.533895254135132	3.954014539718628	0.606393575668335	0.5712220668792725
0.4224393963813782	0.049703992903232574	0.5073748826980591	0.4447171688079834	-0.13704201579093933	-0.19075822830200195	0.4450642764568329	0.1471927911043167	-0.6921549439430237	0.8380085229873657	-0.5932117700576782	-0.20035725831985474	0.438351035118103	0.7216117978096008	0.8976817727088928	0.40190234780311584
-0.3685305714607239	0.6997441649436951	-1.4947965145111084	1.1706721782684326	2.008852958679199	-1.036028265953064	0.7508119940757751	-0.35534533858299255	0.7636806964874268	1.6672199964523315	0.4069223701953888	0.28354746103286743	-2.975789785385132	2.0450334548950195	0.035935793071985245	-0.2556604743003845
0.2750922441482544	0.5710987448692322	2.6812076568603516	-0.3512198030948639	-0.3977893888950348	-0.25844916701316833	0.8408178687095642	0.11865799129009247	-0.18545067310333252	1.4391086101531982	-1.345604658126831	-0.36394649744033813	0.4145488142967224	-0.6047664880752563	-0.09377409517765045	1.4123435020446777
-0.24203087389469147	0.3470398783683777	0.8904475569725037	-1.2864134311676025	-0.9426279664039612	0.5190269351005554	-0.23803114891052246	0.0010410863906145096	-0.9774457812309265	0.4561408460140228	-0.6614737510681152	0.11242365092039108	0.7441685795783997	0.7686471343040466	-0.6740124821662903	-0.05617142096161842
-0.296348512172699	1.4336371421813965	1.4099037647247314	-0.9194637537002563	-1.6991872787475586	0.6523407101631165	-1.073949933052063	1.0012686252593994	-3.6294026374816895	4.201469421386719	-2.35109806060791	-1.7295606136322021	-0.8647425174713135	-0.4395919442176819	3.0469443798065186	3.4822773933410645
0.08013264834880829	-0.020684607326984406	2.1060361862182617	-1.8227312564849854	-0.30841493606567383	2.0013630390167236	-2.6230790615081787	0.024627523496747017	-2.2700095176696777	2.332603693008423	-0.2602207362651825	-1.732792854309082	-2.7302403450012207	0.895747721195221	2.216914415359497	0.9039102792739868
-0.3985181450843811	0.2998104691505432	-0.1576264500617981	0.036472711712121964	0.7313318252563477	0.6673275828361511	0.3445374369621277	0.2698094844818115	-1.095267653465271	0.39794352650642395	-1.290924072265625	0.048250939697027206	-1.0999526977539062	1.7344471216201782	-0.7228896021842957	0.757782518863678
-1.517724871635437	-0.4643138349056244	1.818040132522583	-0.7812392711639404	0.34635013341903687	-0.4899512231349945	0.2497389018535614	-0.24077735841274261	0.0891009122133255	-0.8909714221954346	0.0017265677452087402	0.6681521534919739	-0.6083816289901733	0.08966204524040222	-1.0833758115768433	-0.6372345089912415
0.6618971824645996	0.09638398140668869	-1.749765396118164	0.10237807780504227	-0.0803370252251625	-0.1148647889494896	0.39052897691726685	0.34617576003074646	-0.14688335359096527	1.7885230779647827	0.2894116938114166	0.06961823999881744	0.9260194897651672	1.4778809547424316	0.952389657497406	-0.5686169862747192
-0.2674572765827179	0.4200817346572876	0.7794011235237122	-0.5642940998077393	-1.241568922996521	0.1399686485528946	0.20422470569610596	0.17488105595111847	0.1864214688539505	-0.022186875343322754	-1.1277592182159424	0.011143052950501442	0.40568631887435913	0.23426011204719543	-0.6478996872901917	0.348823606967926
0.307142972946167	-0.07438749819993973	1.399841070175171	-0.21000109612941742	0.26318806409835815	0.31982120871543884	1.300079107284546	-0.30362772941589355	-0.17666314542293549	-0.30840080976486206	-0.3540571928024292	0.4124820828437805	-0.0980546772480011	0.297971248626709	-1.5552692413330078	0.12548869848251343
-0.7616532444953918	0.34738728404045105	0.8416017293930054	0.6779420971870422	-0.04551655799150467	-0.4979188144207001	-0.030356939882040024	0.2617731988430023	0.5409367680549622	0.15875306725502014	-0.2752172350883484	0.5445621013641357	0.24118125438690186	0.3479616641998291	0.25724005699157715	2.060511350631714
-1.6833304166793823	0.6650314927101135	0.7006872296333313	0.01042062509804964	0.0735192820429802	-0.42785516381263733	1.1859899759292603	-0.2774929106235504	1.032692790031433	1.1089144945144653	-0.6593879461288452	0.36707645654678345	-2.058069944381714	-0.3861653804779053	-1.602168321609497	2.467285633087158
-0.08180804550647736	0.02242881804704666	1.2643182277679443	-0.07123013585805893	-0.14413318037986755	-0.07666454464197159	0.6253947019577026	0.1581379920244217	-0.03797502815723419	-0.37429308891296387	-0.37750867009162903	0.7430939674377441	0.3364748954772949	0.46124452352523804	-0.8411751389503479	-0.2947356700897217
-0.5494611859321594	0.004109732806682587	0.9696155786514282	0.396691232919693	-0.17996162176132202	-0.18392163515090942	-0.17826369404792786	-0.6431981921195984	0.2533499002456665	-1.466672420501709	0.08700099587440491	0.7654196619987488	-3.447638988494873	0.022015132009983063	-0.20298413932323456	-0.15987640619277954
0.7490682601928711	0.24971365928649902	1.114938497543335	-0.6462554931640625	-0.8547802567481995	0.46715161204338074	-1.0241947174072266	-0.0847574770450592	-0.34198838472366333	0.5491800308227539	-0.11271879076957703	0.2529648244380951	0.18881094455718994	0.6393930315971375	0.631631076335907	-0.335176944732666
-0.012589402496814728	0.2862470746040344	1.0881495475769043	0.3797829747200012	0.4618087112903595	-0.3841724097728729	0.5179536938667297	-0.21599245071411133	-0.25874006748199463	0.192640483379364	0.21671324968338013	0.5603395700454712	-0.6456263065338135	-0.4927399158477783	-0.12975671887397766	-0.1286429762840271
1.6676450967788696	0.9105022549629211	0.23596864938735962	1.0147979259490967	-0.04519280046224594	0.12274476885795593	1.659777045249939	0.7350329160690308	-1.3708347082138062	1.4833242893218994	-1.291677713394165	-1.135653018951416	-2.7158381938934326	-1.3468189239501953	-0.3572227954864502	0.7397074699401855
0.580510139465332	1.323418378829956	1.6601839065551758	0.16517633199691772	-0.5173004865646362	0.20320621132850647	-0.7029749155044556	-0.05533779412508011	-1.0504939556121826	3.3371853828430176	-0.3322816491127014	-0.6832907199859619	-0.12383541464805603	0.1065950095653534	1.8559662103652954	2.372375726699829
-0.05865570902824402	0.537839412689209	1.3784217834472656	-0.7133722901344299	-0.7027097344398499	0.6922828555107117	0.3329322934150696	0.14626356959342957	-2.767420768737793	0.5883489847183228	-0.14218264818191528	-0.1844586431980133	1.3276467323303223	-0.8476475477218628	-0.8013655543327332	0.7490134835243225
0.6236644983291626	0.4616623520851135	-0.11841914057731628	-0.921631395816803	-1.224743127822876	0.6646987199783325	0.10654512047767639	0.2608911097049713	-0.2836500108242035	0.9401335716247559	-0.39264076948165894	-0.1838662028312683	0.6978208422660828	0.1758524477481842	-0.03410888835787773	-0.7163691520690918
-0.5263098478317261	-0.10144845396280289	1.951131820678711	-0.721881091594696	0.2658786475658417	-0.18204820156097412	0.7108468413352966	0.08326427638530731	-0.3403623104095459	-0.12566228210926056	-0.21615156531333923	0.029594535008072853	-0.2118099480867386	-1.0766111612319946	-0.824737012386322	-0.9551981687545776
0.5115586519241333	0.03609686344861984	1.1353881359100342	0.1626313477754593	1.4853509664535522	-0.034229911863803864	0.6394391059875488	-0.3220635950565338	0.7048887610435486	0.3905526101589203	1.3667749166488647	0.4096228778362274	-0.4074297845363617	-0.1909664422273636	-0.3782123327255249	-0.3866017460823059
1.3551305532455444	-0.8621940016746521	-1.7146575450897217	-0.6773650050163269	-2.2926723957061768	2.3936641216278076	-0.7948778867721558	0.19212214648723602	-1.271962285041809	-0.7915595769882202	1.0266239643096924	0.226723775267601	1.1565730571746826	-0.4942921996116638	0.3941357731819153	0.6769604682922363
-0.9238929748535156	-0.06885045021772385	0.4138029217720032	-0.1566438525915146	0.5263976454734802	-0.23572930693626404	0.7555992007255554	0.02031801827251911	-1.708856225013733	0.36973240971565247	0.39873382449150085	-0.09934016317129135	-0.38194960355758667	-0.8478502631187439	-0.1822163164615631	0.48758646845817566
-0.011259004473686218	0.14034965634346008	0.587714672088623	0.42056265473365784	0.5565496683120728	-0.021381817758083344	1.0049622058868408	-0.07528527081012726	-0.10472694039344788	-0.21843446791172028	0.14126497507095337	0.41097041964530945	-0.1943804770708084	0.07269097864627838	-1.0734269618988037	-0.10227470099925995
-1.1517430543899536	0.3575136363506317	-1.5638020038604736	1.7581161260604858	3.1840240955352783	-1.9503045082092285	2.1505675315856934	-0.9414018392562866	-1.1597299575805664	-0.261421799659729	0.8483575582504272	0.7899583578109741	-6.494178295135498	3.3445165157318115	-1.3668876886367798	-1.634688377380371
-0.14053207635879517	-0.23963868618011475	1.2291219234466553	-0.6392021775245667	-0.26834601163864136	0.1183173730969429	0.16165092587471008	0.1352485716342926	0.40677231550216675	-0.29870522022247314	-0.45366230607032776	0.2357141673564911	-0.13308680057525635	0.442704439163208	-0.14428769052028656	-0.294424831867218
2.354340076446533	0.10340001434087753	0.7381234765052795	0.5868091583251953	0.20924285054206848	1.0767122507095337	-0.18148040771484375	-0.3005794584751129	0.19390444457530975	0.009972497820854187	0.6602046489715576	0.20711858570575714	-2.2939372062683105	0.49317729473114014	0.6261264681816101	-0.8460692167282104
0.24351562559604645	0.28684210777282715	0.6665260791778564	-1.2639275789260864	-0.9004202485084534	0.8677873015403748	-0.23249831795692444	0.0068752337247133255	-1.6597288846969604	0.9409258365631104	-0.2510165572166443	-0.13212934136390686	0.06691771745681763	-0.12442077696323395	-0.2577964663505554	0.03561651334166527
-0.2731507420539856	0.27100318670272827	2.1297333240509033	-0.7701729536056519	-1.0955476760864258	0.09432271867990494	-0.0065827034413814545	0.025034548714756966	-1.1222400665283203	0.7416507005691528	-1.2434862852096558	-0.23772230744361877	0.3340054750442505	-0.07635584473609924	0.38495028018951416	0.09481227397918701
-0.6976217031478882	-0.49273499846458435	0.15620267391204834	-0.09521981328725815	0.1636597216129303	-0.24246761202812195	-1.0246158838272095	-0.7277249097824097	1.317587971687317	0.7601805925369263	0.19346296787261963	0.9681116938591003	-3.077100992202759	2.022265672683716	1.2091408967971802	0.4326714873313904
0.9092807769775391	-0.4971458315849304	1.1568632125854492	-1.6140261888504028	-0.06573239713907242	0.6984769701957703	-1.2155507802963257	-0.4788854420185089	-0.7929289937019348	1.0876286029815674	1.1523534059524536	0.28749293088912964	-2.036900043487549	0.4952707886695862	0.3945668339729309	-1.772392749786377
0.550041913986206	-0.031686462461948395	0.5787574052810669	0.053697142750024796	-0.1524541974067688	0.017761267721652985	0.419524222612381	0.27882683277130127	-1.1200239658355713	0.15051335096359253	-1.0935224294662476	-0.07879430800676346	-0.4228254556655884	0.4539485573768616	0.672016441822052	-0.8326818346977234
-0.026453830301761627	0.6087397933006287	3.062262773513794	-0.9791032671928406	-0.8492845296859741	-0.05856812745332718	0.4359351098537445	0.1112595647573471	-0.1945568323135376	1.7023767232894897	-1.2079839706420898	-0.616977334022522	0.7540207505226135	-0.8059822916984558	-0.07011255621910095	1.0935946702957153
-0.6291622519493103	-0.08833033591508865	1.8526742458343506	-0.2837575376033783	0.03679736703634262	0.04439257085323334	1.126949667930603	-0.45796507596969604	1.1331372261047363	-0.8037922382354736	-0.7554587125778198	0.12784934043884277	-1.4244425296783447	-0.4819220304489136	-1.6899025440216064	0.26730674505233765
-0.1286877989768982	0.4765797257423401	0.39713752269744873	0.2768505811691284	-0.8652119040489197	-0.4247894585132599	0.02595481649041176	0.3032483756542206	0.45941847562789917	0.15930205583572388	-0.37396636605262756	0.7258087992668152	0.7610068917274475	0.6814632415771484	-0.1806740164756775	0.3802749514579773
-0.06707893311977386	0.16719374060630798	1.66239595413208	-0.7735074162483215	-0.6352765560150146	0.11252141743898392	0.11770346760749817	-0.036885857582092285	-1.047968864440918	0.7562335729598999	-0.6282150745391846	-0.11508587747812271	-0.17158305644989014	-0.42546528577804565	0.26761093735694885	-0.47411513328552246
0.46474361419677734	0.3225664496421814	3.9336864948272705	-0.8034814596176147	-0.5623920559883118	0.20928338170051575	-0.046844031661748886	0.01914595253765583	-1.4224141836166382	2.1936285495758057	-2.215118408203125	-0.5264691710472107	-1.0902067422866821	-0.023394107818603516	0.5592530369758606	1.218329668045044
-0.2924119830131531	0.5426025390625	0.6697286367416382	-0.6852225065231323	-0.7072579264640808	0.894805371761322	0.5390664935112	0.2265074998140335	-2.546661853790283	0.3096146285533905	-0.00228157639503479	0.1739933341741562	1.593970537185669	-0.6447865962982178	-0.9309573769569397	0.8314744234085083
2.6533138751983643	-0.03459865599870682	-1.111358880996704	0.12254742532968521	-0.007992513477802277	1.3652111291885376	-0.42128294706344604	0.3193477690219879	-0.6612886190414429	0.16038551926612854	0.17808261513710022	0.22285617887973785	-2.3098950386047363	1.338802456855774	0.4186418354511261	-1.5919809341430664
-0.8659849166870117	0.7794346213340759	1.5505218505859375	0.2056383192539215	0.045434243977069855	-0.8365011811256409	1.9840329885482788	0.17045734822750092	-0.9759104251861572	2.406181812286377	-0.6568825244903564	-0.5762902498245239	0.7882367968559265	-0.7970727682113647	0.026594888418912888	1.9936467409133911
-2.4117648601531982	0.38693398237228394	2.99038028717041	-0.3209427297115326	2.4906623363494873	-0.6912500262260437	-0.19356480240821838	-1.1685034036636353	-0.31881535053253174	1.7584203481674194	2.769289255142212	0.5639553666114807	-2.712737560272217	-1.6120775938034058	-0.3120938539505005	0.1474975347518921
0.3361545205116272	-0.08263597637414932	1.5407023429870605	-0.38090553879737854	0.3996807634830475	0.22033542394638062	0.23290690779685974	-0.14200599491596222	-0.8337177038192749	0.10880866646766663	-0.23079630732536316	0.20104868710041046	-0.3800755739212036	0.08343468606472015	0.00871274247765541	-0.7322697043418884
-5.775847434997559	0.781273365020752	2.7958312034606934	0.7319023609161377	3.5852766036987305	-3.046196699142456	1.9122999906539917	-1.069645643234253	-3.449612855911255	1.5601696968078613	-1.817612886428833	-0.8315867781639099	-3.515216827392578	4.089663505554199	0.1809154599905014	0.5708600282669067
-1.888713002204895	0.9298760294914246	1.0237276554107666	-0.8555604219436646	-1.422213077545166	-1.2628434896469116	-0.8897176384925842	0.9060893654823303	-1.1001901626586914	1.1886258125305176	-0.7248274087905884	-0.07618433982133865	1.785886526107788	-0.5925599932670593	1.4525132179260254	-1.266821265220642
0.3083764910697937	-0.3953881859779358	0.30447983741760254	-0.5444098711013794	-0.305362731218338	0.7329105138778687	-0.12046517431735992	-0.19254395365715027	-0.38773679733276367	-0.5303998589515686	0.49654749035835266	0.5140503644943237	-0.6333503723144531	0.16784092783927917	-0.39365002512931824	-0.34936094284057617
0.21849782764911652	-0.29791387915611267	0.5651107430458069	0.010540102608501911	0.6566882133483887	-0.4336136281490326	-0.7674299478530884	-0.2780574858188629	-0.9462145566940308	1.236129641532898	1.617361307144165	0.4462558627128601	-0.8451938033103943	-0.10039716958999634	1.899498462677002	-0.6983888149261475
-1.296231985092163	0.5706884264945984	-2.145648956298828	-2.3097620010375977	-0.32543614506721497	1.9521347284317017	-1.7985061407089233	0.07609963417053223	-0.4904246926307678	3.86788010597229	0.3490031063556671	0.04212852939963341	-3.121389865875244	1.6744868755340576	0.2774633467197418	2.528087615966797
-0.3264206051826477	-0.8191462755203247	-4.469611167907715	-2.6579208374023438	-4.03161096572876	0.3892746567726135	-2.607056140899658	1.0076898336410522	-0.6938198208808899	2.74355411529541	-1.3927757740020752	-1.4146263599395752	-0.9221611618995667	0.6922578811645508	4.811283111572266	0.328167200088501
-0.4450998306274414	0.9637026190757751	2.0004374980926514	-0.28444603085517883	-2.1480398178100586	-0.34925881028175354	0.09266731142997742	0.7660158276557922	-1.2647825479507446	1.818631887435913	-1.9074772596359253	-0.48023721575737	2.9256348609924316	0.59879469871521	0.3564206063747406	1.0475994348526
-2.0053746700286865	0.34030890464782715	1.032867670059204	-1.1405225992202759	-1.8305325508117676	-1.5353113412857056	-1.676382303237915	0.8872592449188232	0.6763691306114197	0.3721019923686981	-1.1757800579071045	0.12723976373672485	1.4797194004058838	0.38098299503326416	0.5765573382377625	-1.3831472396850586
-1.2556779384613037	-0.07357637584209442	0.5346429347991943	0.2209322452545166	0.21579128503799438	-0.7032707929611206	0.7414687275886536	0.06583965569734573	-0.08638609200716019	-0.13594262301921844	0.1370556354522705	0.42451611161231995	-0.06749477982521057	-0.17396117746829987	-0.4725377559661865	0.7159019112586975
0.07287146151065826	-0.015603266656398773	0.6769811511039734	0.2928880751132965	-0.24633541703224182	-0.21647346019744873	-0.06323480606079102	0.3586229383945465	-1.327728033065796	-0.46427538990974426	-0.436850368976593	0.04037877544760704	1.0412836074829102	0.23970983922481537	0.7893664836883545	-0.9503988027572632
0.785794734954834	-0.07221678644418716	0.3631565570831299	-0.5483229160308838	-0.31466439366340637	0.5819160342216492	0.0369422473013401	-0.0026298146694898605	-0.9757961630821228	0.27079150080680847	0.08258789777755737	-0.010404324159026146	-0.5825344324111938	0.09574247151613235	0.0968269556760788	-0.46854686737060547
-0.3128025531768799	1.6673591136932373	-1.9233760833740234	3.0445632934570312	2.6086831092834473	-4.1815385818481445	2.200205087661743	-0.45601651072502136	2.166506052017212	3.780977725982666	2.8245625495910645	0.27034276723861694	-4.131595611572266	-1.6276065111160278	1.3091176748275757	-1.8412599563598633
-0.24281413853168488	-0.2650672495365143	0.3771030604839325	-1.1234073638916016	-0.36937546730041504	0.8891437649726868	-1.1465169191360474	-0.6441786885261536	1.476963758468628	0.3679973781108856	1.4384874105453491	0.6348824501037598	0.028904706239700317	0.9270183444023132	-0.07344946265220642	0.06731641292572021
-1.0464963912963867	-0.4385259747505188	0.4558106064796448	-1.220666766166687	-0.2726398706436157	0.5081918239593506	-0.9411575794219971	-0.5747697949409485	0.980948269367218	0.8327655792236328	1.9957067966461182	-0.4270629584789276	-0.11957460641860962	-0.30196696519851685	0.8698087334632874	-0.143032044172287
-2.8672688007354736	-0.36027076840400696	-3.1249029636383057	-1.0134270191192627	0.007256053388118744	0.45636242628097534	-0.9609754681587219	-0.6201461553573608	-0.5577102303504944	0.7591111660003662	1.4111169576644897	1.841742753982544	-0.8603863716125488	1.7961792945861816	1.0656709671020508	3.3655567169189453
-1.3921833038330078	-0.37458282709121704	-4.386193752288818	-1.832763671875	-1.367876410484314	0.959836483001709	-0.14177188277244568	0.5533055067062378	0.7158293128013611	1.262679100036621	-0.4035097360610962	-0.2426953911781311	-2.598536729812622	0.1639242023229599	-0.3348429799079895	1.215490698814392
-0.8658130168914795	-0.09783602505922318	1.9177303314208984	-0.17443183064460754	1.0322771072387695	-0.6089374423027039	-0.39132437109947205	-0.9070668816566467	0.7706982493400574	0.17290472984313965	0.33801141381263733	0.8967602849006653	-2.0052783489227295	1.3382902145385742	-0.3429811894893646	-0.3199158310890198
-0.7885864973068237	0.1249639168381691	0.5201079845428467	0.470031201839447	0.4081556499004364	-0.06528065353631973	0.5259453058242798	-0.33978959918022156	0.36890751123428345	0.199081152677536	0.34434130787849426	0.5169436931610107	-0.90989089012146	-0.45398539304733276	-0.5690394043922424	1.6890021562576294
0.19085253775119781	-0.33001285791397095	0.5737590193748474	-0.45146623253822327	0.33755454421043396	0.48133257031440735	-0.26412495970726013	-0.44997528195381165	-1.307746410369873	-0.9307339191436768	-2.084469795227051	0.35572367906570435	-6.567743301391602	4.015577793121338	-1.3264769315719604	-0.7395607233047485
-0.12899169325828552	0.6229397654533386	2.025965929031372	-0.33137986063957214	-0.8879415392875671	0.3475842773914337	0.4987737834453583	0.08082042634487152	-1.2678691148757935	1.4640777111053467	-0.6375983953475952	-0.631989598274231	0.7116344571113586	-0.8764420747756958	0.7228888869285583	1.598805546760559
0.2970159649848938	-0.17761525511741638	-2.7984886169433594	-0.5630289316177368	-1.6299775838851929	1.2280704975128174	-1.048188328742981	1.0488189458847046	-2.0626869201660156	1.587794303894043	-0.4288291037082672	-1.662185549736023	-4.057236194610596	-1.0127317905426025	2.271355152130127	1.6622064113616943
0.1411641389131546	-0.002591170370578766	0.8762869238853455	-0.6855379939079285	-0.7351780533790588	0.12049856036901474	0.49610623717308044	-0.08450059592723846	0.42006462812423706	0.614797830581665	-0.669513463973999	-0.3921775221824646	-2.1789391040802	-0.8840599060058594	-0.16303540766239166	-0.5122150778770447
0.7230199575424194	0.4795803427696228	4.321700572967529	-0.716788649559021	-0.4990088641643524	-0.02309729903936386	0.22617653012275696	0.07551984488964081	-0.817443311214447	2.7179324626922607	-2.2972586154937744	-0.7328572869300842	-0.9042450785636902	-0.5728684663772583	0.7475101947784424	1.4370765686035156
